Date Created,Tweet
2022-12-15 23:49:18+00:00,"@BANKBRI_ID invest saham dgn emiten bbri  sempat di harga  4460 selama 5 bulan arb.. pas aku CL, 2 hari kemudian reeborn ke 4590..ah sekarang sudah mendekati 5000an...jk aku diamkan .."
2022-12-15 12:26:27+00:00,@Saham_fess bbri bnga lahh
2022-12-15 05:00:43+00:00,"@tradingforlyf Masukin di bbca, bbri nya yg banyakğŸ˜"
2022-12-15 04:09:20+00:00,"Kode Keras Dividen BMRI, BBRI, BBNI, BBTN Makin Tebal Periode 2023
https://t.co/zd4ftAA31Z"
2022-12-14 23:30:34+00:00,"Pemegang saham emiten BUMN perbankan BMRI, BBRI, BBNI, BBTN dalam jangka panjang berpeluang menikmati kenaikan setoran dividen untuk periode 2023. https://t.co/y5Nhf6EVR7"
2022-12-14 15:00:55+00:00,"Konsisten Tingkatkan Kualitas Layanan Perbankan, BRI Pertama Raih ISO/IEC/IEEE 29119:2022 di Indonesia https://t.co/CElAhyBnRG #BBRI #BRI #IT #TransformasiDigital"
2022-12-14 14:46:35+00:00,"@worksfess Beli saham aja kak, saham contohh :  BBCA BBRI yang pasti pasti aja, sambil nabung lagi, bisa kebeli keduanya dalam 2 tahun kedepan kalo modal shaam segitumah lumayan"
2022-12-14 14:33:40+00:00,$BBRI kalau dilihat BBRI menarik kalau ngejebol diharga 5000 https://t.co/2smAdzNQsa
2022-12-14 14:17:29+00:00,"PT Bank Rakyat Indonesia (Persero) Tbk. (BBRI) telah berhasil membukukan laba bersih tahun berjalan secara konsolidasian sebesar Rp 39,31 triliun sampai dengan 30 September 2022. keren gak tuh. 
#KinerjaBRIQ3"
2022-12-14 11:38:47+00:00,PT Bank Rakyat Indonesia (Persero) Tbk (BBRI) terus melejit dengan menunjukkan kinerja kinclong pada kuartal I-2022. #KinerjaBRIQ3
2022-12-14 11:28:38+00:00,"yuppps tentunya saham BBRI di bursa pada tahun ini juga diwarnai oleh berbagai aksi korporasi
#KinerjaBRIQ3"
2022-12-14 11:28:00+00:00,"tau juga gak kalao BBRI mencatat rekor all time high di akhir perdagangan 26 april 2022?

#KinerjaBRIQ3"
2022-12-14 11:26:25+00:00,"sejak dulu gue mimpi untuk berperan menjadi salah satu pemegang saham di BRI hehe soalnya BBRI mempunyai basis investor yg kuat dan terus tumbuh
#KinerjaBRIQ3"
2022-12-14 10:38:00+00:00,"PT Bank Rakyat Indonesia (Persero) Tbk (BBRI) dinobatkan sebagai The Best Bank Service Excellence 2022Â 

#KinerjaBRIQ3"
2022-12-14 09:19:01+00:00,"Cuan selalu $BBRI ğŸ’ªğŸ’ªğŸ’ªğŸ”¥ğŸ”¥ğŸ”¥

@ajaib_investasi https://t.co/M315Ji2Mbf"
2022-12-14 07:12:28+00:00,5.000 nya BBRI ternyata jadi resisten. Hehehehe. https://t.co/JRLB2rvp7Q https://t.co/DIUEkehFhL
2022-12-14 04:49:15+00:00,#kafein review chart #BBRI #BBNI #EMTK utk teknikal review. https://t.co/lwls1hwGX3
2022-12-14 04:40:00+00:00,#BBRI - POLA ASCENDING TRIANGLE PADA BBRI - TradingView - https://t.co/9fEkkbawWu
2022-12-14 03:13:41+00:00,Ketinggalan $bbri 5000 hihhhh kzl
2022-12-14 02:32:17+00:00,@Saham_fess BBRI jelas
2022-12-14 02:05:05+00:00,"$BBRI Update
Â» Dibuka gap up dan test area resisten 5000/5025 https://t.co/eD2ih1vD5K"
2022-12-14 00:58:02+00:00,"Analis memprediksi IHSG hari ini dapat menguat dengan rekomendasi saham AKRA, UNVR, BBNI, SMGR, ASII, BBRI, JSMR, TLKM, dan ASRI. https://t.co/8k8ygQkNKI"
2022-12-13 20:51:36+00:00,"Ihsg mantul dari ma400 dan masih berlanjut naik di hari ke 2 ditarik goto tlkm asii bbri walau asing masih keluar dari ihsg. Level 6888 6957 7000 7050  menjadi resistance terdekat sekarang rupiah menguat dari usd 
Eido menguat 1% di USA https://t.co/8dkRB6l4CA"
2022-12-13 11:28:27+00:00,"Berkat keberhasilan tersebut, BBRI sempat menyabet beberapa penghargaan di Digital Technology (DIGITECH) Awards 2022. #TransformasiBRI"
2022-12-13 11:26:26+00:00,"Di kuartal I-2022, laba konsolidasi BBRI mencapai Rp 12,22 triliun atau tumbuh sebesar 78,13% year on year #TransformasiBRI"
2022-12-13 11:25:19+00:00,Pengembangan teknologi digital PT Bank Rakyat Indonesia (Persero) Tbk (BBRI) tercatat menuai keberhasilan.  #TransformasiBRI
2022-12-13 09:05:35+00:00,"Wow... Komitmen BRI ini benar-benar keren, Gais. Let's check it . 
PT Bank Rakyat Indonesia (Persero) Tbk (BBRI) berkomitmen mengintegrasikan aspek Lingkungan, Sosial, dan Tata Kelola atau ESG dalam kegiatan bisnis dan operasional perusahaan. #TransformasiBRI"
2022-12-13 08:43:35+00:00,"$BBRI Sumbringah ğŸ’ªğŸ’ªğŸ’ªğŸ”¥ğŸ”¥ğŸ”¥
@ajaib_investasi https://t.co/k9eo8SJOHU"
2022-12-13 06:35:26+00:00,"$BBRI Update
Â» OTW 5000an
Â» Rebound dari area EMA 20
Â» Zigzag RSI HH+HL di atas 50 https://t.co/8Pn620dSRg"
2022-12-13 06:31:21+00:00,"@BonekNetijen @aniercm @fadliiramadann @benaya_mgs @thoriqmm kalo gua bilang fundamental crypto dan saham sama, gua pasti ada kalimat ""fundamental bbri dan goto sama aja kayak BTC ya, gaada bedanya, paling ada perbedaan di bbri karena (bla..bla..bla) soalnya BTC dan bbri sama karena (bla..bla..bla)"" nah ini namanya ngebandingin"
2022-12-13 06:11:43+00:00,"@BonekNetijen @aniercm @fadliiramadann @benaya_mgs @thoriqmm lah gua ngejelasin biar bisa nangkep aja, kalo pake analisa di crypto lebih tinggi bahasanya, maka dari itu gua milih saham buat acuannya, bukan buat bandingin BBRI dan GoTo VS BTC, engga. itu cuma buat perandaian biar gampang dimengerti, gua juga main saham kok, crypto juga."
2022-12-13 03:39:35+00:00,"bbri ternyata setelah ada massive inflow yang masuk waktu akhir november. Lagi-lagi retrace. Foreign outflow massive, tapi bertahan disana. https://t.co/TQkXexNDhA"
2022-12-13 02:11:02+00:00,"$BBRI Strateginya seperti yang ada di rekomendasi
Â» BUY IF BREAK 4840
Â» CL &lt; 4710
Â» Resisten 5025 https://t.co/pnLZdgqW28"
2022-12-13 01:47:00+00:00,"@aniercm @fadliiramadann @benaya_mgs @thoriqmm cth. saham BBRI (BRI) dan GoTo (Gojek Tokopedia) mmpunyai bidangnya tersendiri kan? BBRI bergerak di bidang perbankan, sdgkan GoTo bergerak di jasa komersial. 

Nah, krn punya karakteristiknya masing2, itu yg disebut sbg fundamental atau nilai yg dimiliki. (secara kasarnya)."
2022-12-13 00:05:52+00:00,"@Saham_fess Blue chip, beli saham BBRI atau AMRT harganya lg di bawah"
2022-12-12 21:10:03+00:00,"Jelang Pertemuan The Fed, Simak Rekomendasi Saham BBRI, BBNI, INCO, SMRA, dan INDF https://t.co/lcSPttiKd1"
2022-12-12 13:23:19+00:00,"Dorong Ekspor Nasional, BRI Wujudkan Kerja Sama dengan Indonesia Eximbank https://t.co/JGaPqNUC1i #BBRI #BRI #ekspor #export"
2022-12-12 10:26:23+00:00,@Saham_fess bbri adro soalnya gue punya dua di antara itu
2022-12-12 09:43:38+00:00,"$BBRI Ciamik ğŸ’ªğŸ’ªğŸ’ªğŸ”¥ğŸ”¥ğŸ”¥

@ajaib_investasi https://t.co/JAcQxNZ9uc"
2022-12-12 09:40:58+00:00,"@ajaib_investasi $BBCA, $INCO, $BBRI donk pastinya."
2022-12-12 09:36:24+00:00,"StockPick 13 Desember 2022
(https://t.co/dTuOE139xh)
(https://t.co/oZNjQjTDNp)

ADRO Â» BUY IF BREAK 3820 Â» CL BELOW 3630 Â» RES 3930
BBRI Â» BUY IF BREAK 4840 Â» CL BELOW 4690 Â» RES 5025
PWON Â» BUY IF BREAK 478 Â» CL BELOW 462 Â» RES 530

Note:
RES Â» RESISTENâ€¦ https://t.co/pL2VJoomKU"
2022-12-12 09:32:42+00:00,#youtube REKOMENDASI SAHAM HARIAN 13 DESEMBER 2022 || ADRO BBRI PWON || CUAN COMMUNITY https://t.co/djzimJ5zl8
2022-12-12 09:04:58+00:00,$BBRI Â» BUY IF BREAK 484 Â» CL BELOW 4690 Â» RES 5025 https://t.co/PScKG0yagb
2022-12-12 08:31:43+00:00,Indo Premier memberi pilihan saham untuk trading dari BBRI hingga INDF https://t.co/lnhCEMbCeS
2022-12-12 08:31:43+00:00,Indo Premier memberi pilihan saham untuk trading dari BBRI hingga INDF https://t.co/lnhCELUzcS
2022-12-12 08:04:25+00:00,"$BBRI
Â» Breakout 4840.
Â» BUY https://t.co/ixXIaHKdhN"
2022-12-12 07:46:33+00:00,@Saham_fess BBRI
2022-12-12 06:48:24+00:00,"$BBRI
Â» Masih cenderung bullish
Â» Area EMA 20 masih jadi support
Â» Signal rebound sekaligus signal beli jika naik ke atas 4840
Â» CL &lt; 4710, Resisten di area 5025 https://t.co/xF2QdlWDE5"
2022-12-12 05:44:53+00:00,"Survei BI: Inflasi Berpotensi Melambat pada Januari 2023.

Watchlist : BBRI, BBNI, BBTN, BNGA, MPPA, LPPF, MAPI, UNVR, RALS, ACES, ERAA, ASII, IMAS, GOTO, BUKA, BELI.

Source :  https://t.co/2mPHsBAWpT"
2022-12-12 04:34:59+00:00,"Saham-saham Ini Cocok untukÂ Trading Sepekan ke Depan, Diantaranya BBRI dan INCO https://t.co/izGwICOzPo"
2022-12-12 02:21:01+00:00,"@zettamangifera Aku ga tertarik GOTO, Mad. Sekarang main aman aja. Cukup BBCA &amp; BBRI. Pengin bisa beli ITMG, tapi mbuh kapan ğŸ˜„"
2022-12-12 01:33:09+00:00,"IHSG Hari Ini Sulit Bangkit, Cek Saham BBRI, ICBP, hingga AKRA https://t.co/eDyz41cMOt"
2022-12-12 00:55:21+00:00,"BBRI - Buy on Weakness 
Buy on Weakness: 4,640-4,730
Target Price: 4,890, 5,050
Stoploss: below 4,490

Disclaimer On

#MNCSekuritas #rekomendasisaham #BBRI #beritaemiten"
2022-12-11 03:38:25+00:00,@Saham_fess salaman dulu bbri ptba
2022-12-11 01:25:36+00:00,"bbca,bbni,bbri,bmri,sido https://t.co/EZ3eDIEhNU"
2022-12-10 16:36:14+00:00,"Total aset yang dimiliki BBRI secara konsolidasi naik dari Rp 1.678,09 triliun pada posisi 31 Desember 2021 menjadi Rp 1.684,6 triliun hingga akhir September 2022.
#KinerjaBRIQ3"
2022-12-10 16:36:03+00:00,"Kinerja PT Bank Rakyat Indonesia (Persero) Tbk (BBRI) hingga kuartal III 2022 moncer.
#KinerjaBRIQ3"
2022-12-10 15:52:30+00:00,@Saham_fess Bbri full senyum
2022-12-10 14:43:34+00:00,"Bank Rakyat Indonesia (Persero) TbkÂ (BBRI) mampu mencatatkan laba bersih Rp 39,31 triliun pada kuartal III-2022, dan tumbuh 106,4%Â year on yearÂ (YoY). Pencapaian ini disebut berkat transformasi berkelanjutan yang diterapkan melalui cetak biru BRIvolution 2.0.

#KinerjaBRIQ3"
2022-12-10 12:09:19+00:00,Mendorong RHB Sekuritas Indonesia untuk mempertahankan rekomendasi beli saham BBRI. Begitu juga dengan proyeksi laba bersih direvisi naik oleh perusahaan sekuritas tersebut. #KinerjaBRIQ3
2022-12-10 12:07:51+00:00,"Laba Bersih Melesat, Target Laba dan Harga Saham BRI (BBRI) Direvisi Naik #KinerjaBRIQ3"
2022-12-10 12:03:40+00:00,PT Bank Rakyat Indonesia (Persero) Tbk. (BBRI) dijadwalkan mengungkap kinerja keuangan kuartal III/2022 #KinerjaBRIQ3
2022-12-10 09:47:01+00:00,"Perlu kita ketahui, pada tanggal 1 Maret 2022 melalui Rapat Umum Pemegang Saham Tahunan (RUPST), BRI telah mendapatkan persetujuan pemegang saham untuk melaksanakan buyback saham BBRI.

#KinerjaBRIQ3"
2022-12-10 09:43:09+00:00,"Pada tahun ini, saham BBRI menandai milestone penting dengan mencatatkan rekor all time high yang terjadi pada akhir perdagangan 26 April 2022. 

#KinerjaBRIQ3"
2022-12-10 09:40:42+00:00,"Sebagai salah satu saham blue chip, BBRI memiliki basis investor yang kuat dan terus tumbuh.

#KinerjaBRIQ3"
2022-12-10 08:03:16+00:00,"PT Bank Rakyat Indonesia (Persero) Tbk (BBRI) berhasil menjafa fundamental kinerja keungan yang positif, dengan tetap fokus pada core business di segmen UMKM, kualitas asset yang terjaga dengan prudent, serta likuiditas yang memadai. #KinerjaBRIQ3"
2022-12-10 05:23:37+00:00,"Perbankan positif!

Top Pick 
BBNI, TP Rp11.600
BBRI, TP Rp5.800
BJBR, TP Rp1.800"
2022-12-10 00:09:09+00:00,"#kafein beberapa ssham terutama market leader naiknya sudah kebanyakan, wajar saja tergerus aksi profit diantaranya : #bbca #bbri #bmri jadi wajar, hanya #asii yg berlebihan sdgkan #tlkm tergerus sentimen negatif.

Indofood yg diamw malah melesat dlm senyap."
2022-12-09 14:21:30+00:00,"PT Bank Rakyat Indonesia (Persero) Tbk. (BBRI) dan entitas anak berhasil membukukan laba bersih tahun berjalan secara konsolidasian sebesar Rp39,31 triliun sampai dengan 30 September 2022. #TransformasiBRI"
2022-12-09 11:56:08+00:00,"Laporan Keuangan BBRI (Bank BRI) 2022 Lengkap, Kuartal 1-3 https://t.co/XwzhwiOJz4"
2022-12-09 09:07:30+00:00,"Selaras dengan visi Pemerintah tersebut, PT Bank Rakyat Indonesia (Persero) Tbk (BBRI) pun turut ambil bagian dalam mendukung ketahanan iklim melalui penyerapan emisi karbon.
#TransformasiBRI"
2022-12-09 06:58:55+00:00,"Komposisi kepemilikan saham di $BRIS pasca rights issue:
1. $BMRI 52,2%
2. $BBNI 23,87%
3. $BBRI 15,79%
Per Sep'22 CAR $BRIS ada di level 17,19%, menurun dari 22,75% YoY.
#bebipinter #bank #BI #Jumat #rightissue #BLACKPINK"
2022-12-09 06:54:54+00:00,"$BBNI memiliki 24,85% saham $BRIS akan menyerap sebagian saham baru yang diterbitkan sebanyak 500 juta saham, sedangkan $BBRI yang memiliki 17,25% saham $BRIS aksinya tidak disebutkan dalam prospektus rights issue.
#rightissue #BankSyariahIndonesia #bebipinter"
2022-12-09 06:36:00+00:00,"Bahkan hingga akhir September 2022 ini saja, total aset yang dimiliki BBRI secara konsolidasi naik menjadi Rp1.684,6 triliun. Kalau labanya terus terusan meningkat kira-kita asetnya bakal jadi sebanyak apa yaa #KinerjaBRIQ3"
2022-12-09 04:46:49+00:00,Transformasi berkelanjutan yang konsisten diterapkan PT BBRI (Persero) #Tbk menjd pendorong utama kinerja positif perseroan pd kuartal III-2022.Hal ini tdk lepas dr cetak biru BRIvolution 2.0 yg diterapkan sjk awal pandemi. #TransformasiBRI127 #BRIROMakassar #BRIKCTamalanrea
2022-12-09 04:00:01+00:00,#BBRI - BBRI testing support - TradingView - https://t.co/xudONLGwIc
2022-12-09 02:10:28+00:00,"$BBRI
Â» ARea EMA 20 masih jadi support
Â» Tiga garis EMA masih rapi
Â» Strateginya,
BUY IF BREAK 4840 - CL &lt; 4710 - Resisen 5025 https://t.co/hYs8WtpPMp"
2022-12-08 12:33:31+00:00,"PT Bank Rakyat Indonesia Tbk (BBRI) terus melanjutkan program ""BRI Menanam"" sebagai wujud peduli lingkungan serta pengembangan dan pemberdayaan masyarakat, khususnya pelaku UMKM.
#TransformasiBRI"
2022-12-08 09:30:48+00:00,"StockPick 09 Desember 2022
(https://t.co/dTuOE139xh)
(https://t.co/oZNjQjTDNp)

BBRI Â» BUY IF BREAK 4840 Â» CL BELOW 4690 Â» RES 5025
BIPI Â» BUY IF BREAK 186 Â» CL BELOW 169 Â» RES 234   
BIRD Â» BUY IF BREAK 1550 Â» CL BELOW 1500 Â» RES 1670
PNIN Â» BUY IF BREAâ€¦ https://t.co/WVAAA2fD0A"
2022-12-08 09:07:07+00:00,#youtube REKOMENDASI SAHAM HARIAN 09 DESEMBER 2022 ||BBRI BIPI BIRD PNIN PWON TOWR || CUAN COMMUNITY https://t.co/JNoezCX56N
2022-12-08 08:30:48+00:00,$BBRI Â» BUY IF BREAK 4840 Â» CL BELOW 4690 Â» RES 5025 https://t.co/lir8rcVO3h
2022-12-08 08:05:17+00:00,$BBRI Â» Buy @4840 https://t.co/f1vLXPjJAB
2022-12-08 08:05:04+00:00,$BBRI Â» But @4840 https://t.co/UjmZBCVWqE
2022-12-08 06:57:19+00:00,"PT Bank Rakyat Indonesia Tbk (BBRI) terus melanjutkan program ""BRI Menanam"" sebagai wujud peduli lingkungan serta pengembangan dan pemberdayaan masyarakat, khususnya pelaku UMKM #TransformasiBRI"
2022-12-08 06:44:08+00:00,"$BBRI Â» saham yg ditunggu-tunggu koreksinya.
Boleh beli.... https://t.co/3Wrt0AwGY0"
2022-12-08 05:06:58+00:00,"Akses UMKM ke Perbankan Baru 20%, Ternyata Ini Alasannya!

Watchlist : BBRI, BMRI, BBTN, BBKP, BBCA, MEGA, ARTO, BTPN, BJBR, BJTM, AGRO

Source : https://t.co/YeELdt2GIu"
2022-12-08 02:59:40+00:00,$BBRI terbukti koreksi per 10.00 WIB 08/12/22 tercatat diharga 4.720 kemungkinan berlanjut hingga di harga 4.500-4.680 dan terparah hingga 4.360 perlembar https://t.co/2zh49qyHeF https://t.co/ldMKuagjev
2022-12-08 02:19:00+00:00,"$BBRI Update
Â» Test area EMA 20
Â» Tiga garis EMA masih rapi
Â» RSI masih di atas 50

Bagi yang lagi incer BBRI, dipantau ya. Sementara candlenya masih LH+LL https://t.co/9PXxEKdivB"
2022-12-07 16:59:11+00:00,"PT Bank Rakyat Indonesia (Persero) Tbk (BBRI) mengapresiasi langkah Otoritas Jasa Keuangan (OJK) 
#KinerjaBRIQ3"
2022-12-07 16:06:21+00:00,"Berkat kenaikan laba ini, total aset yang dimiliki BBRI secara konsolidasi naik dari Rp1.678,09 triliun pada posisi 31 Desember 2021 menjadi Rp1.684,6 triliun hingga akhir September 2022. #KinerjaBRIQ3

Gimana menurut kalian? keren kan?"
2022-12-07 15:43:40+00:00,"PT Bank Rakyat Indonesia (Persero) Tbk. (BBRI) berhasil membukukan laba bersih tahun berjalan secara konsolidasian sebesar Rp 39,31 triliun sampai dengan 30 September 2022. #KinerjaBRIQ3 

Wah, keren sekali loh... yuk kita bahas lagi"
2022-12-07 15:29:55+00:00,"PT Bank Rakyat Indonesia (Persero) Tbk. (BBRI) membukukan laba bersih Rp39,31 triliun pada tahun ini (sampai 30 september 2022) #KinerjaBRIQ3"
2022-12-07 15:04:56+00:00,"PT Bank Rakyat Indonesia (Persero) Tbk. (BBRI) berhasil membukukan laba
bersih tahun berjalan secara konsolidasian sebesar Rp 39,31 triliun sampai dengan
30 September 2022. #KinerjaBRIQ3"
2022-12-07 14:52:57+00:00,"Ternyata, PT Bank Rakyat Indonesia (Persero) Tbk. (BBRI) telah berhasil membukukan laba bersih tahun berjalan secara konsolidasian sebesar Rp 39,31 triliun sampai dengan 30 September 2022. Ini tuh keren banget #KinerjaBRIQ3"
2022-12-07 14:41:50+00:00,"Ini dia PT Bank Rakyat Indonesia (Persero) Tbk. (BBRI) berhasil membukukan laba bersih tahun berjalan secara konsolidasian sebesar Rp 39,31 triliun sampai dengan 30 September 2022. Wow, keren! #KinerjaBRIQ3"
2022-12-07 14:26:10+00:00,"FYI niiih.. PT Bank Rakyat Indonesia (Persero) Tbk. (BBRI) berhasil membukukan laba bersih tahun berjalan secara konsolidasian sebesar Rp 39,31 triliun sampai dengan 30 September 2022. Wow, keren. #KinerjaBRIQ3"
2022-12-07 14:24:16+00:00,"Bank BRI sangat keren , PT Bank Rakyat Indonesia (Persero) Tbk. (BBRI) berhasil membukukan laba bersih tahun berjalan secara konsolidasian sebesar Rp 39,31 triliun sampai dengan 30 September 2022. Wow, keren. #KinerjaBRIQ3"
2022-12-07 14:08:57+00:00,"Tau ngga kalian, kalau PT Bank Rakyat Indonesia (Persero) Tbk. (BBRI) berhasil membukukan laba bersih tahun berjalan secara konsolidasian sebesar Rp 39,31 triliun sampai dengan 30 September 2022. Wow, keren yaa âœ¨

#KinerjaBRIQ3"
2022-12-07 14:06:20+00:00,"2

PT Bank Rakyat Indonesia (Persero) Tbk. (BBRI) berhasil membukukan laba bersih tahun berjalan secara konsolidasian sebesar Rp 39,31 triliun sampai dengan 30 September 2022. Wow, keren. #KinerjaBRIQ3"
2022-12-07 14:03:44+00:00,"Total aset per September 2022 berasal dari liabilitas Rp 1.384,26 triliun dan ekuitas Rp 300,33 miliar. Total kas dan setara kas BBRI mencapai Rp 161,15 triliun per September 2022, menurun dari sebelumnya Rp 162,56 triliun per September 2021. #KinerjaBRIQ3"
2022-12-07 14:03:43+00:00,"Total aset yang dimiliki BBRI secara konsolidasi naik dari Rp1.678,09 triliun pada posisi 31 Desember 2021 menjadi Rp1.684,6 triliun hingga akhir September 2022. #KinerjaBRIQ3"
2022-12-07 14:03:41+00:00,"Mengutip laporan keuangan yang dipublikasikan, laba BBRI melesat 103,34% secara tahunan (year-on-year/yoy) dari periode yang sama tahun 2021 sebesar Rp 19,25 triliun. #KinerjaBRIQ3"
2022-12-07 14:03:41+00:00,"Emiten bank pelat merah PT Bank Rakyat Indonesia (Persero) Tbk. (BBRI) berhasil membukukan laba bersih tahun berjalan secara konsolidasian sebesar Rp 39,31 triliun sampai dengan 30 September 2022. Wow banyak banget yaaa. 
#KinerjaBRIQ3"
2022-12-07 13:54:33+00:00,"Berkat kenaikan laba ini, total aset yang dimiliki BBRI secara konsolidasi naik dari Rp1.678,09 triliun pada posisi 31 Desember 2021 menjadi Rp1.684,6 triliun hingga akhir September 2022. #KinerjaBRIQ3"
2022-12-07 13:53:33+00:00,"IHSG Masih Rawan Koreksi Besok, Cek Saham BBRI, BBNI hingga TLKM https://t.co/o2htPluLvg"
2022-12-07 13:52:34+00:00,"Yups..! PT Bank Rakyat Indonesia (Persero) Tbk. (BBRI) berhasil membukukan laba bersih tahun berjalan secara konsolidasian sebesar Rp 39,31 triliun sampai dengan 30 September 2022. ğŸ‘ #KinerjaBRIQ3"
2022-12-07 13:52:13+00:00,"Berkat kenaikan laba ini, total aset yang dimiliki BBRI secara konsolidasi naik dari Rp1.678,09 triliun menjadi Rp1.684,6 triliun. BRI menargetkan capaian laba bersih tahun 2022 setidaknya tak kurang dari Rp 40 triliun. Kita doakan saja semoga dapet mencapai ya 
#KinerjaBRIQ3"
2022-12-07 13:50:30+00:00,"Berkat kenaikan laba, total aset yang dimiliki BBRI secara konsolidasi naik dari Rp1.678,09 triliun pada posisi 31 Desember 2021 menjadi Rp1.684,6 triliun hingga akhir September 2022. #KinerjaBRIQ3"
2022-12-07 13:48:50+00:00,"PT Bank Rakyat Indonesia (Persero) Tbk. (BBRI) berhasil membukukan laba bersih tahun berjalan secara konsolidasian. Laba BRI melesat 103,34% secara tahunan (year-on-year) dari Rp 19,25 triliun menjadi Rp 39,31 triliun. 
#KinerjaBRIQ3"
2022-12-07 13:47:52+00:00,"Karena kenaikan laba tersebut, total aset yang dimiliki BBRI secara konsolidasi naik dari Rp1.678,09 triliun pada posisi 31 Desember 2021 menjadi Rp1.684,6 triliun hingga akhir September 2022. #KinerjaBRIQ3"
2022-12-07 13:23:00+00:00,"PT Bank Rakyat Indonesia (Persero) Tbk. (BBRI) berhasil membukukan laba bersih tahun  sebesar Rp 39,31 triliun sampai dengan 30 September 2022. Wow, super .ğŸ‘ #KinerjaBRIQ3"
2022-12-05 02:46:53+00:00,Bbri bulan lalu gua jual semua eh skrg nilainya tertinggi since sebelum masehi ğŸ¤ŒğŸ½ğŸ¥¹ https://t.co/NNLwt3SMBP
2022-12-04 14:28:25+00:00,"BBRI tetap andalan, sempat masuk MTEL tp sdh cabut, krn fokus dulu di BBRI, CTRA blm dulu yaaaa next trip kaliğŸ˜ğŸ˜ğŸ˜"
2022-11-30 04:08:22+00:00,Jangan bayangkan/ngejar untung dulu (dlm jumlah banyak) padahal bisa buntung lebih baik dapatnya sedikit2 saja dengan risiko yg terkendali@setia dg BBRI
2022-11-28 14:21:01+00:00,BBRI yg msh ngegasss besok lanjut kah
2022-11-28 09:44:31+00:00,menyesal ya ampun lepas bbri terlalu dini ğŸ˜‚ğŸ˜‚
2022-11-27 13:28:42+00:00,Masih nungguin goyanganmu minggu depan CTRA@MTEL@BBRI
2022-11-24 07:47:31+00:00,Gaes kesabaran ada hasilnya kejual BBRI kuh sesuai keinginan setelah nahan godaan sekian bulan@bodo amat besok masih naik lagi@yg jelas lulus ujian menahan hijau tdk dijual kecepetan@yesssss
2022-11-18 13:18:44+00:00,"Dijual BBRI kemarin, nunggu 1 nya lagi semoga bisa kejual mg depan"
2022-11-11 05:05:22+00:00,"Ciamik selalu $BBRI ğŸ’ªğŸ’ªğŸ’ªğŸ”¥ğŸ”¥ğŸ”¥

@ajaib_investasi https://t.co/H4LAWwnl6K"
2022-11-09 09:47:45+00:00,"$BBRI Full Gaspoll ğŸ’ªğŸ’ªğŸ’ªğŸ”¥ğŸ”¥ğŸ”¥

@ajaib_investasi https://t.co/SeGaG6HHzW"
2022-11-08 16:18:46+00:00,"SCMA sdh cabut, sisa BBRI dan EMTK tinggal nunggu panen aja"
2022-11-07 09:12:37+00:00,"$BBRI Ciamik ğŸ’ªğŸ’ªğŸ’ªğŸ”¥ğŸ”¥ğŸ”¥

@ajaib_investasi https://t.co/tLaNpaf18R"
2022-11-03 08:43:00+00:00,"Sumbringah $BBRI ditengah badai inflasi dunia yang menggila ğŸ’ªğŸ’ªğŸ’ªğŸ”¥ğŸ”¥ğŸ”¥

@ajaib_investasi https://t.co/VzMwvXYace"
2022-11-01 10:24:40+00:00,"$BBRI tetap ciamik ditengah pelemahan IHSG di awal Nov 1, 2022 ğŸ’ªğŸ’ªğŸ’ªğŸ”¥ğŸ”¥ğŸ”¥

@ajaib_investasi https://t.co/mX7rJLAyQr"
2022-10-31 05:02:24+00:00,"Akhir bulan Okt 31, 2022 sesi 1 penutupan IHSG $BBCA, $BBRI &amp; $INDY Sumbringah ğŸ’ªğŸ’ªğŸ’ªğŸ”¥ğŸ”¥ğŸ”¥

@ajaib_investasi https://t.co/vlDPnw5tob"
2022-10-28 11:48:27+00:00,"$BBRI ciamik penutupan akhir pekan ğŸ’ªğŸ’ªğŸ’ªğŸ”¥ğŸ”¥ğŸ”¥

@ajaib_investasi https://t.co/gygxN0IVnv"
2022-10-27 09:13:31+00:00,"$BBRI Ciamik ğŸ’ªğŸ’ªğŸ’ªğŸ”¥ğŸ”¥ğŸ”¥

@ajaib_investasi https://t.co/2Lwc3Kg1n7"
2022-10-27 04:50:22+00:00,"Sesi 1 penutupan IHSG jam 11.30 Wib on 27 Oct 2022 l, $INDY, $BBCA &amp; $BBRI sumbringah ğŸ’ªğŸ’ªğŸ’ªğŸ”¥ğŸ”¥ğŸ”¥

@ajaib_investasi https://t.co/sJxPsrBxhw"
2022-10-25 09:13:30+00:00,"Ciamik......$BBRI ğŸ’ªğŸ’ªğŸ’ªğŸ¤ğŸ¤ğŸ¤

@ajaib_investasi https://t.co/4700c9N97R"
2022-10-25 04:54:30+00:00,"Rebound again $BBRI ğŸ’ªğŸ’ªğŸ’ªğŸ”¥ğŸ”¥ğŸ”¥

@ajaib_investasi https://t.co/4RibKBvakS"
2022-10-14 14:34:00+00:00,Punya barang koleksi BBRI SCMA EMTK dan NPGF nyungsep mua@ğŸ¤ªğŸ¤ªğŸ¤ªğŸ¤ªBBRI nunggu dibawah 4000 aja@EMTK nunggu di 1000-1250@ğŸ¤©ğŸ¤©ğŸ¤©ğŸ¤© SCMA bisa ke 150 gak yaaa@NPGF tinggal nunggu dijual doangğŸ˜›ğŸ˜›ğŸ˜›ğŸ˜›
2022-10-14 09:27:51+00:00,"Gua sih nunggu AMRT, INCO, BBRI, dan ADRO ikutan crash aja nih, mau nyerok yang banyak. ğŸ˜Œ"
2022-10-13 14:18:55+00:00,"@Saham_fess BBRI dibilang suram, avg 3600 nyimak ğŸ˜Œ"
2022-10-04 10:02:30+00:00,"Strong Bullish $BBRI ğŸ”¥ğŸ”¥ğŸ”¥ğŸ’ªğŸ’ªğŸ’ª

@ajaib_investasi https://t.co/THP9DCTKqx"
2022-09-19 09:00:42+00:00,"Full gaspoll $BBRI ğŸ”¥ğŸ”¥ğŸ”¥ğŸ’ªğŸ’ªğŸ’ª

@ajaib_investasi https://t.co/BNe6b3IUN5"
2022-09-17 17:56:08+00:00,@Saham_fess MAN IM ALL IN BBRI
2022-09-15 11:11:44+00:00,"Gaspoll $BBRI ğŸ”¥ğŸ”¥ğŸ”¥ğŸ’ªğŸ’ªğŸ’ª

@ajaib_investasi https://t.co/xpAX7gL3aZ"
2022-09-14 04:38:26+00:00,"@Saham_fess BBRI beli kalo retest aja di 4400, TLKM udah mayan tinggi harganya"
2022-09-14 03:10:23+00:00,"Rasanya umur segini itu akan menyenangkan kalo punya tabungan Saham LQ45 dibeberapa sektor perbankan, retail, properti, pertambangan. Masingâ€ 2 emiten, per emiten 100 Lot. Ky MYOR,AMRT,UNVR,WSKT,BBRI,BBCA dsb. Berasa masa muda gak sia-sia kali ygy..ğŸ˜…ğŸ˜…ğŸ˜…ğŸ˜‚"
2022-09-13 12:31:17+00:00,"@maulanagunawann Inco di 6750, bbri di 4620ğŸ˜‚"
2022-09-09 09:29:43+00:00,"Akhir pekan $BBCA &amp; $BBRI ditutup cerah....sejuk rasanya weekend ini â¤ï¸â¤ï¸â¤ï¸

@ajaib_investasi https://t.co/QRPRSH10Cs"
2022-09-08 08:57:28+00:00,"$BBRI Bullish ğŸ”¥ğŸ”¥ğŸ”¥ğŸ’ªğŸ’ªğŸ’ª

@ajaib_investasi https://t.co/6A9h80TFCF"
2022-09-05 09:41:20+00:00,"Berkat keberhasilan tersebut, BBRI sempat menyabet beberapa penghargaan di Digital Technology (DIGITECH) Awards 2022.
#HPNBRI2022
#ROBRIBANDUNG 
#HariPelangganNasional2022 
#BRIllian
#BRImo"
2022-09-05 08:51:54+00:00,"Tetap optimis cuannya $BBRI ğŸ”¥ğŸ”¥ğŸ”¥ğŸ’ªğŸ’ªğŸ’ª

@ajaib_investasi https://t.co/ZQILlMKAyM"
2022-08-28 03:07:34+00:00,"Mudah ini jawabnya, jadi wakil komisaris utama BBRI gaji-tunjangan + tantiem segituan lah.

Belum kalau dihitung komisaris BBNI 2017-2020. Gak usah aneh-aneh udah segitu kok. https://t.co/s5BhcUCfn7"
2022-08-10 01:50:49+00:00,Nahan diri ga beli saham dulu. Tapi tiap hari liatin harga BBCA sama BBRI dengan mata nanar.
2022-08-08 23:44:09+00:00,"Kondangan rabi, mempelai tnp pacaran cmn taaruf melalui ustadz. Akhirnya menikah, muanisss..tp mahar e sjumlah lembar saham BBRI, segera menghalalkanny sih dpt tapii...hm...lembaga nganu ya hm..."
2022-07-28 08:45:42+00:00,"#NggaKalengKaleng 
BBRI to the moon https://t.co/TLix45Fds9"
2022-07-27 14:51:57+00:00,MCOL BJBR BBRI BNGA
2022-07-13 08:53:13+00:00,"Hehhe..merahin aja smuanya
Bbca bris bbri antm
Habis dah
ğŸ¥ºğŸ˜…"
2022-07-04 07:34:45+00:00,#BBRI sama #BBCA mantep bgt nih buat dicicil kalo sampe minggu ini masih diskon.
2022-07-04 03:42:27+00:00,"anjir.. kaget lihat $BBRI, untung uda TP dikit kemarin2. akwokwokwok.."
2022-07-04 03:32:25+00:00,"Pagi guys, jangan lupa serok $BTC sama $BBRI https://t.co/hf0VrVEDhh"
2022-06-21 11:51:36+00:00,"Sering ditanya bro kenapa sih gak beli mobil sport, jawaban saya cuma simpel"" saya gak punya barang mewah, saya cuma punya Ribuan Batu LOT BBCA,BBRI,ARTO,ASII,MYOR,SDMU,ANTM,UNVR,GOTO,ADRO,BMSR,FPNI,DNAR,WIRGğŸ™„ğŸ¤­"
2022-06-14 11:34:40+00:00,@IDX_BEI Ya mending 100milyar di kasih sekali lalu di belikan BBCA BBRI Hexa BMRI TOWR Dmas... Unvr ULTJ Sido  hidup dari deviden nikmat kayanya... dan kembali kerutinitas kerjaan...
2022-05-31 09:00:31+00:00,"$BBRI Bullish full gaspol ğŸ’ªğŸ’ªğŸ’ªğŸ˜ğŸ˜ğŸ˜

@ajaib_investasi https://t.co/NlsUFE1esj"
2022-05-22 14:34:56+00:00,"BBCA,BBRI,ANTM,ADRO,UNVR tidak perlu disokong pun sudah pasti naik menuju All Time High nyaâœâœâœ"
2022-05-20 07:56:49+00:00,@ShopeePay_ID Punya 2M ya beli saham BBCA BBRI BMRI biar dari hasil devidennya bisa bayar checkout
2022-05-17 14:58:21+00:00,"Yg pasti2 aja dah
Bbri
ğŸ˜"
2022-05-10 13:21:03+00:00,"@Trenggalektulus Tambah terus bbri, mumpung 2 hari ini lg turun, bisa tambah muatan"
2022-05-09 23:10:56+00:00,"Ketika hampir semua emiten pada kebakaran, even BBCA BBRI udh nyentuh ARBnya, tp UNVR yg hijau subur sendiriğŸ˜‚ğŸ¤£"
2022-05-01 16:49:42+00:00,@RhenitaH akhirnya bisa ngerasain opor lagi stlah bbri dekade ni
2022-04-28 09:28:38+00:00,"Tetap kinclong $ANTM, $BBRI, $SMMT &amp; $MPPA ğŸ’ªğŸ’ªğŸ’ªğŸ˜ğŸ˜ğŸ˜

@ajaib_investasi https://t.co/nytXWxgdES"
2022-04-26 05:24:58+00:00,@triwul82 Yukk bisa goceng yuukkk bisaaa BBRI https://t.co/CWrSoQhLUZ
2022-04-26 05:24:10+00:00,@triwul82 Josshhh BBRI https://t.co/w1uZ6IvexW
2022-04-26 05:23:19+00:00,@triwul82 Luar biasaaaa BBRI https://t.co/QU9nbYjv90
2022-04-25 04:47:27+00:00,"Tetap kinclong $BBRI, $EMTK &amp; $SMMT ditengah IHSG yang merah merona ğŸ’ªğŸ’ªğŸ’ªğŸ˜ğŸ˜ğŸ˜

@ajaib_investasi https://t.co/9QdvRwPosK"
2022-04-20 10:05:42+00:00,"$BBRI full gaspoll

@ajaib_investasi https://t.co/8NZLcMikYb"
2022-04-19 10:28:13+00:00,"$BBRI tetap optimis guys ğŸ’ªğŸ’ªğŸ’ªğŸ˜ğŸ˜ğŸ˜

@ajaib_investasi https://t.co/7ZInZrr8eG"
2022-04-13 05:40:24+00:00,"Selalu optimis $$BBRI ğŸ’ªğŸ’ªğŸ’ªğŸ˜ğŸ˜ğŸ˜

@ajaib_investasi https://t.co/M8hzJ7I9Ge"
2022-04-12 10:44:28+00:00,"Selalu optimis $BBRI

@ajaib_investasi https://t.co/k8yOOKq4YU"
2022-04-07 12:09:37+00:00,"Cuan selalu $BBRI

@ajaib_investasi @TradingDiary2 https://t.co/m2fylAPr9E"
2022-04-01 16:20:03+00:00,Hmm menarik. Terima kasih BBRI https://t.co/uiPLeV1xVt
2022-04-01 09:00:14+00:00,Tetap gaspoll $BBRI &amp; $EMTK ğŸ’‹ğŸ’‹ https://t.co/OsAfc2vnj7
2022-04-01 04:42:00+00:00,"Hari ini dividen BBRI, tgl 6 dividen BMRI
Lumayan buat beli takjil ğŸ˜…"
2022-03-30 08:51:44+00:00,"Optimis selalu $BBRI &amp; $EMTK ğŸ’ªğŸ’ªğŸ’ª

@ajaib_investasi @TradingDiary2 https://t.co/i42JXDgWI7"
2022-03-28 09:10:12+00:00,"Always cuan everyday $BBRI, $MPPA, $AMRT &amp; $GZCO â¤â¤â¤

@ajaib_investasi @TradingDiary2 https://t.co/x0TzT1hl7M"
2022-03-24 05:39:12+00:00,"$BBRI &amp; $IATA tetap cuan siang ini â¤â¤â¤

@ajaib_investasi @TradingDiary2 https://t.co/TCgp1w7yEd"
2022-03-23 09:14:15+00:00,"Bersyukur $BBRI tetap profit â¤â¤

@ajaib_investasi @TradingDiary2 https://t.co/GrdrPH1r0Y"
2022-03-22 09:57:52+00:00,"Hari ini terasa sejuk liat $AMRT, $BBRI, $BIKE &amp; $EMTK menghijau semua....â¤â¤â¤

@ajaib_investasi @TradingDiary2 https://t.co/ffMuCnbqVx"
2022-03-22 05:36:19+00:00,"$BBRI full gaspoll ğŸ’ªğŸ’ªğŸ’ªğŸ˜ğŸ˜ğŸ˜

@ajaib_investasi @TradingDiary2 https://t.co/Irn9YpWYNU"
2022-03-21 14:08:28+00:00,@stftmahaz BBRI tuh bagus
2022-03-21 10:35:29+00:00,"Optimis selalu $BBRI

@ajaib_investasi @TradingDiary2 https://t.co/7xNyVrDyY2"
2022-03-21 05:36:16+00:00,"Bersyukur, $BBRI masih optimis.

@ajaib_investasi @TradingDiary2 https://t.co/qGvOBS7oYQ"
2022-03-17 05:24:32+00:00,"Always topcer $BBRI, $GZCO, $MPPA &amp; $SMMT â¤â¤

@ajaib_investasi @TradingDiary2 https://t.co/WrbOFcF9cF"
2022-03-16 10:33:39+00:00,"Selalu optimis $BBRI pasti cuan everyday â¤â¤

@ajaib_investasi @TradingDiary2 https://t.co/uHSI1KvrPF"
2022-03-16 05:01:26+00:00,"Gaspol $BBRI always cuan ğŸ’ªğŸ’ªâ¤â¤

@ajaib_investasi @TradingDiary2 https://t.co/hU3YoKTgi6"
2022-03-15 09:10:38+00:00,"Tetap optimis $BBRI always profit, Amin. ğŸ˜ğŸ˜ğŸ˜ğŸ’ªğŸ’ªğŸ’ª

@ajaib_investasi @TradingDiary2 https://t.co/T1FldT2WzI"
2022-03-10 09:46:27+00:00,"Yang di idam-idamkan akhirnya kesampean juga punya $BBRI ğŸ™ğŸ™â„¢

@ajaib_investasi @TradingDiary2 https://t.co/oOOMmNx2Pg"
2022-03-07 23:36:59+00:00,BBRI dividen yieldnya 4%++ BMRI berapa yaa
2022-03-07 14:03:11+00:00,Ah tau gitu gua beli 100 lot tadi BBRI wkkwwk cuma 50 doank
2022-03-04 07:20:37+00:00,@fajrian_ma @ezash Punya 10000 lot bbri
2022-03-04 06:43:06+00:00,@Herlin_673YP @triwul82 BBRI = Bank Bank Republik Indonesia ..... Goblok Permanen ..... ğŸ˜›ğŸ˜›ğŸ˜
2022-03-04 06:38:26+00:00,@triwul82 BRI itu = Bank Rakyat Indonesia ..... Tapi Kenapa jadi BBRI ......??? Itu artinya BANK BANK RAKYAT INDONESIA ..... Goblok Abis .....ğŸ˜›ğŸ˜›ğŸ˜›
2022-03-02 03:11:10+00:00,"Tebar deviden Rp26,4 triliun jadi bukti kesuksesan kinerja Bank Rakyat Indonesia (BBRI) dalam menjalankan bisnis ulta mikro di tengah pandemi Covid-19.. https://t.co/gTJrjBTTad #YukNabungETF #IPOTKaryaAnakBangsa #BanggaPakeIPOT #IPOTPionner https://t.co/3EofYwmY16"
2022-03-01 03:44:47+00:00,"In Pandemic we seroook, in fundamental we trust â€¦ bbri bersama membangun umkm wkwkkw"
2022-03-01 02:19:55+00:00,Ini ada apaaaa gerangan BBRI 7% nakutin amat https://t.co/d10at9dMGb
2022-03-01 02:09:50+00:00,BBRI gilaaaa open Market tembus 4800 anjirrr
2022-02-28 15:18:29+00:00,"@gakkkolehsambat @BNI tak balik skrg, mas kerja di bri masak ga beli bbri WKWKWK"
2022-02-25 07:57:52+00:00,$BBCA $BBRI nice closingğŸ˜…
2022-02-23 00:23:37+00:00,"Semoga dengan semakin berbenah layanan di cs dan layanan digital, bbri juga semakin melesat juga. Amin.

Eh gitu ga sih mainnya? 

Yuk lah nabung di BRI!"
2022-02-21 07:43:10+00:00,"Tahan banting! SahamÂ BBRI diprediksi punya potensi pertumbuhan yang meyakinkan dalam jangka Panjang, harga saham bisa sentuh level 5.000 - 5.250... https://t.co/MIfhWarWvI #YukNabungETF #IPOTKaryaAnakBangsa #BanggaPakeIPOT #IPOTPionner https://t.co/r5ESGZlAYD"
2022-02-20 06:30:32+00:00,Yaudahlah kalau ngga jadi pulkam gua nyelup dulu di BBRI sampek akhir april wkwwkwk
2022-02-18 03:51:02+00:00,"@juliani__windi @TalkaboutBUMN BBRI masuk metaverse...
Sistemnya aja sering offline -,-"
2022-02-09 15:51:51+00:00,"@aravyu @agannyi It's my dream punya BBRI 100 lot, BBCA 100 lot, not her."
2022-02-08 02:16:56+00:00,lagi cuan nih bbri
2022-02-07 15:55:03+00:00,"Wow, ihsg ternyata all time high
Bbri sangat mendongkrak"
2022-02-07 12:43:50+00:00,Closingan BBRI 4% bujet
2022-02-07 08:28:41+00:00,"Edan asing ga pake nawar hajar kanan pake duit 1,2 triliun di bbri!"
2022-02-07 03:59:03+00:00,BBRI aing bedebest
2022-01-24 09:56:30+00:00,Trlanjur beli BMRI trnyata BBRI yang ngluarin corporate action wkwkkwkwkwkwlwl https://t.co/YnZ1rqD6Ep
2022-01-03 07:44:47+00:00,@TradingDiary2 Ikutan BBRI &amp; TLKM nya pak T ğŸ˜
2021-12-30 03:53:14+00:00,"Aku BBRI 1 LOT PUN GA ADA YANG BELIIN!! 

ğŸ¤£ğŸ¤£ğŸ¤£ https://t.co/HUPZlGjfiT"
2021-12-11 02:54:36+00:00,Check out my #BBRI analysis on @TradingView: https://t.co/M6TVqtNUFS
2021-12-08 07:50:23+00:00,"@indopremier BBRI, TLKM, BBNI âœ¨"
2021-11-17 07:16:17+00:00,@desmondwira Bbri kak @desmondwira
2021-11-10 05:32:42+00:00,@ichigotalks Sya belum ngecek bang... bbca.. cuman yang lg seksi bbri
2021-10-22 02:41:39+00:00,"Tembus Rp 639 T, Market Cap BBRI Tertinggi Sepanjang Sejarah. Apresiasi Keberhasilan Jokowi
https://t.co/7TU9jGPaB0"
2021-10-19 05:38:38+00:00,"Lumayan lah dari kemaren nyerokin bbri sama asii di harga diskon mulai balik ke harga normal, buat liburan ke jogja november nanti wkwkwkw"
2021-10-18 05:47:39+00:00,"Bbri gilak benerğŸ¤£ğŸ¤£
Gak mau turun lagi ke 3600an gitu ?"
2021-10-12 05:04:30+00:00,"Kiraâ€ terbaca dong gerakan bandarnya ğŸ¤”. Apa perlu dijelaskan dlm LIVE youtube? Salam #TradingTenangSenang 

#saham #BBRI #inflow #capitalinflow #foreignflow @ FX Gold Coffee https://t.co/9SZCE1Z6oQ"
2021-10-06 04:12:05+00:00,Akhirnya bbri.. https://t.co/h633udNOy7
2021-10-04 04:58:04+00:00,"@al_fianna ATH BBRI 4,9K. Tapi dg Aksi Rights  Issue yg Gede banget. Saya masih yakin bisa ke 4,4 Januari nanti. Sialnya kalo ndak kesampean 4,4 dg BAVG 3,720 amanlah. https://t.co/rR7Mu3FQUZ"
2021-09-30 07:54:07+00:00,"@lagicariistri @bobacho0t BBCA, BBRI, PTBA adalah jalan ninja ku ğŸ‘"
2021-09-30 04:55:30+00:00,"@yeajisgood Alhamdulillah wkwkwkwk , tinggal bbri sama power ini anjir bngt power nyangkut 700 skrng di 600 kan sueeğŸ˜‘"
2021-09-29 08:25:27+00:00,"Jumlah Hak Memesan Efek Terlebih Dahulu (HMETD)Â BBRIÂ sudah terserap 28,2 miliar saham senilai Rp96 triliun,Â Direktur BEI, Inarno Djajadi angkat bicara.. https://t.co/NYuZXhM9Td #YukNabungETF #IPOTKaryaAnakBangsa #BanggaPakeIPOT #IPOTPionner https://t.co/JQRtneu6li"
2021-09-29 03:14:56+00:00,"Aksi BBRI mendapat respon dari investor pasar modal secara luar biasa, berikut ulasannya... https://t.co/VCzwPx7cvL #YukNabungETF #IPOTKaryaAnakBangsa #BanggaPakeIPOT #IPOTPionner https://t.co/62BVV7PRAR"
2021-09-27 16:27:22+00:00,Bbri menipu orang2 yg katanya breakout eh malah ngeswing doang
2021-09-27 07:40:23+00:00,Ternyata jodoh gaes sm bbri ğŸ¤¸â€â™‚ï¸ğŸ¤¸â€â™‚ï¸ğŸ¤¸â€â™‚ï¸ğŸ¤¸â€â™‚ï¸
2021-09-27 07:13:54+00:00,"Kalau ga ke ambil juga, ga jodoh sm bbri ğŸ¥²ğŸ¥²ğŸ¥²"
2021-09-26 01:58:25+00:00,"Pertama lihat orang nikah maharnya 25.000 lembar saham BBRI, setelah dikenehin lagi, itu sama aja 250 lot. Ya tetep banyak sihğŸ˜‚ğŸ˜€"
2021-09-25 11:29:31+00:00,Udah lama banget ga di buka udah lama juga megang bbri megang wskt sama megang indf pas di buka untung semua gimana nih @yudhakhel ğŸ˜‚
2021-09-24 17:50:26+00:00,"@Adityataufiks Bbri masih zona bearish huu, bisa ngepump ga ya kayak harum energy"
2021-09-24 03:09:31+00:00,"Sempet diprank sama BBRI. Tapi sekarang melambung jauh. 
Ga salah mengandalkan BBRI."
2021-09-24 01:48:05+00:00,"@nadiamulyanti Unvr, bbri, tlkm, wsbp, baca, asii, sucorinvest, syailendra balanced fund, sm jarvis balanced fund wkwk"
2021-09-24 00:11:18+00:00,"@rifkyology Nah ini kelewatan mau post kemaren. Utk growth FBI tertinggi urutannya :
1. BBNI 27,3%
2. BBRI 18,9%
3. BMRI 11,6%
4. BBCA -5,7%"
2021-09-23 14:18:10+00:00,"Loan to Deposit Ratio (% posisi bkn growth)
1. BBCA 65,2%
2. BBRI 84,5%
3. BMRI 86%
4. BBNI 87,8%

Angka LDR cenderung masih pd aman &lt;90%, tp wey itu BBCA RM Lendingnya pd kagak kerja apa gimane, duit pd numpuk kaga disalurin."
2021-09-23 14:18:09+00:00,"NPL :
1. BMRI -0,2%
2. BBCA 0,3%
3. BBRI 0,3%
4. BBNI 0,9%

BMRI jd yg paling sukses menekan angka kredit bermasalah sepanjang Juni 20 s.d Juni 21."
2021-09-23 14:18:09+00:00,"Net Profit :
1. BBRI 27,7%
2. BMRI 17,1%
3. BBNI 16,2%
4. BBCA 14,5%

Dan BBRI jd bank dgn kenaikan profit paling kenceng yg disumbangkan oleh NII yg naik sangat signifikan (35,9%)"
2021-09-23 14:18:08+00:00,"DPK :
1. BBCA 17,4%
2. BMRI 8,4%
3. BBRI 6,5%
4. BBNI 4,5%

Yak ini nih yg bikin aset BBCA melejit, sudah pasti dari taun ketaun memang mrk juaranya soal DPK yg melimpah ruah."
2021-09-23 14:18:07+00:00,"Loan :
1. BMRI 6,7%
2. BBRI 5%
3. BBNI 4,5%
4. BBCA -0,4%

Ternyata bkn dr penyaluran kredit yg bikin aset BBCA naik. Malah justru drop hingga minus loan mrk. Bmri yg paling agresif ekspansi kredit gaes."
2021-09-23 14:18:06+00:00,"Total Asset :
1. BBCA 15,9%
2. BBRI 7,8%
3. BMRI 5,9%
4. BBNI 4,8%

Selama setaun terakhir BBCA paling juara soal kenaikan asetnya gaes, tp komponen aset apa yg naik tinggi? Oke lanjut."
2021-09-22 08:23:15+00:00,"Ada yg biru hari ini...bbri
ğŸ˜…"
2021-09-21 06:39:42+00:00,"Sektor transportasi dan properti menguat, saham BBRI,Â ASII,Â BBCA,Â BMRI,Â TBIG dilepas asing.. https://t.co/jJ2zNQFUWV #YukNabungETF #IPOTKaryaAnakBangsa #BanggaPakeIPOT #IPOTPionner https://t.co/BGQliEZmTh"
2021-09-20 03:05:43+00:00,BBRI KOK NGERI NEMEN!
2021-09-17 05:39:39+00:00,"Setelah baca baca tentang right issue BBRI, langsung mo jual ELSA+BMRI buat tambah-tambah balance ğŸ¤£"
2021-09-15 06:49:48+00:00,"Menurut TA ku ki, BBRI bisa naik di 37xx karena jenuh jual, buat swing/trade paling enak juga. Tadi 3620 sekarang udah 3650/60
Untung beli 1 lot di 3630 biar cuan dikit.
Mau beli full margin deg deg ser euy :)

NB : Beli dikit naik. Beli banyak turun. Sering terjadi di market."
2021-09-14 14:49:12+00:00,Siaga 1 BBRI
2021-09-14 02:47:18+00:00,"@Saham_fess belum ditebus, ditebus kalo udah masuk ke BBRI bukan BBRI-R"
2021-09-13 04:24:21+00:00,"@indopremier @Rzkdlt @muhamedyuda Halo kak terima kasih respondnya, saya sudah klik buy utk right/ exercise di apps ipot hp, tapi emang blum otomatis masuk ya ? Cobtoh bbri- R ?"
2021-09-10 06:46:00+00:00,Bbri dan kaef.. ga tau bs keluar kapan ğŸŒ
2021-09-08 01:52:47+00:00,@indopremier @KokoGiovanni Jadi kita belum bisa melihat ya berapa biaya untuk menebus right issue bbri di portofolio kita?
2021-09-08 01:46:19+00:00,@indopremier @KokoGiovanni BBRI MIN
2021-09-07 11:44:48+00:00,"@awickdwipayana @mochaischak Badah lengeh ci, masi pegang bbri?"
2021-09-06 14:12:07+00:00,"BBRI dgn retail dan mikronya, BMRI dgn commercial / korporat banking, BBTN fokus ke consumer (perumahan), dan BBNI yg diminta utk fokus di International Transaction Banking. Ini hanya sebatas fokus utama tp tdk menghilangkan lini bisnis yg udah ada sebelumnya."
2021-09-06 09:11:04+00:00,"Menarik liat RI $BBRI besok, mau dibawa kemana ğŸ˜‚"
2021-09-02 06:05:48+00:00,@indopremier Mulai tgl 13 september ya min kita bisa nebus right issue bbri nya?
2021-09-02 05:01:48+00:00,@indopremier Min saya cek kok belum ada harga tebus right issue bbri nya ya di akun saya?
2021-09-02 03:03:27+00:00,"Yuk kita obrolin prospek dari BBRI dan Right Issue nya yang super jumbo hari MINGGU 5 September bareng KE

https://t.co/1wOpoKhGiV https://t.co/TjLgREJJmN"
2021-09-01 23:25:15+00:00,"Lagi musim Right Issue
Ada BBRI, BABP, WSKT

Nah kalau mau exercise right kamu bisa langsung pakai menu ini ya di @MNCSekuritas 

Pastikan dananya ada pas periode tebus https://t.co/bAkB6OQxMw"
2021-08-31 13:51:02+00:00,Tepat sekali waktunya bbri RI ğŸ‘ğŸ¾
2021-08-20 05:21:34+00:00,"@djitoh @kevinzulfiqar @eDzulfikar aku tahunya bapak investor bris, bbca, intp sama bbri ğŸ‘€"
2021-08-18 15:10:35+00:00,"Movers of the day: BBCA, TLKM, BBRI! Nice and Thank You! (again) ğŸ‘ŠğŸ‡®ğŸ‡©ğŸ™ğŸ˜‡ğŸ‘"
2021-08-18 04:14:55+00:00,@TradingDiary2 $BBRI $BBCA bangkit juga ğŸ”¥
2021-08-17 15:39:35+00:00,belum berangkat godaan dah gede banget. wkwk inget inget menuju 100lot bbri ğŸ™‹â€â™€ï¸
2021-08-13 07:14:49+00:00,@Bali_Football BBRI itu pernah lihat di BEI
2021-08-13 06:21:32+00:00,"@p00rqueen Dia yg bantu semua prosesnya tapi pswd default nya tetep masuk ke email kita, gw rasa aman sih
Jgn lupa beli BBRI kalo udah bisa ye, bantuin nyangkut ğŸ˜­"
2021-08-05 16:56:26+00:00,langsung ARA besok BBRI https://t.co/HH5sOfqupY
2021-08-05 04:15:26+00:00,"Di carry sama BBRI dan BRIS hari ini, mantulll"
2021-07-31 03:20:16+00:00,"Jadi kemarin ada viral duit di BRI lenyap, ternyata yg pakai ..
Ahsudahlah.. 

Nabung di bri sih so far aman banget ya. Beli bbri pun masih tergolong aman.

Tarik duit di atm bri, lupa bawa atm bri, selama ada hape dan aplikasi brimo tetep bisa kok. https://t.co/zWNZpjBom3"
2021-07-29 13:49:06+00:00,@omanul @njanjani BBRI memang mantul
2021-07-29 06:29:59+00:00,"Seluruh sektor menguat kecuali sektor aneka industri. Saham yang paling banyak dibeli oleh investor asing yaituÂ TLKM,Â BABP,Â BBRI,INCO,Â UNVR... https://t.co/q9RiurqgukÂ #YukNabungETF #IPOTKaryaAnakBangsa #BanggaPakeIPOT #IPOTPionner https://t.co/7mcdlub5rN"
2021-07-28 11:44:22+00:00,BBRI sabi banget juga ternyata tadi siang :/
2021-07-22 15:28:55+00:00,"@andi_chairil @_haye_ @fajarnugros @CakBambangelf @dayatia Profil Rektor UI Ari Kuncoro, dari Komisaris BNI (BBNI) ke BRI (BBRI) - https://t.co/yNALtcnMV5 - https://t.co/DYgjOASpJE"
2021-07-22 10:49:30+00:00,ceuk aing ge BBRI Ara. tuman kalah d tempo lain d beli
2021-07-22 06:21:05+00:00,Musim berburu BBRI... https://t.co/TormwlflIu
2021-07-16 16:03:39+00:00,"Saham-saham blue chip skrg
Pergerakannya sangat lambat
Untuk investasi jangka panjang
Gw akan lepas semua saham gw
Di BBCA BBRI BMRI UNVR TLKM

IPO BUKA tidak akan dibiarkan
Gagal oleh bandar karna akan
Berpengaruh ke IPO saham GoTo

Psikologi pasar saham!
#saham #investasi"
2021-07-14 02:07:37+00:00,5lot BBCA gpp kok asalkan ikut 10lot BUMI 10lot BBRI 10lot INCOğŸ˜‚
2021-07-14 02:06:03+00:00,"100Lot BBRI Maharmu
10Bumi Jajan Kita
1000 KBAG Untuk Anak Kita ğŸ˜‚ https://t.co/9xPvU7BeOF"
2021-07-13 13:27:35+00:00,Bbri turun gunung
2021-07-13 12:24:10+00:00,@dsntkss Alhamdulillah bbri minus 10% ğŸ˜®â€ğŸ’¨
2021-07-08 15:51:15+00:00,all in BBRI astungkara primavera
2021-07-05 23:40:18+00:00,"@kuahcotoenak Alkisah beberapa taun lalu sempet ada wacana segmentasi bank2 bumn. BBRI mikro/retail banking, BMRI komersial/korporate banking, BBNI digital/lifestyle/consumer banking, dan BBTN perumahan.

Tapi ya akhirnya gak jd juga."
2021-07-03 03:31:48+00:00,"Hal terbodoh dalam hidup, mbayar e-comerce lewat briva ndak bisaÂ² sampe dm cs BBRI dan baru nyadar ternyata saldo ne ga nyukup ğŸ˜­ pantes wae ga iso"
2021-07-02 03:53:10+00:00,Go BBRI....! Go! ğŸ˜
2021-06-30 11:47:27+00:00,"Gapapalah ya mulai dri BBRI dulz, kalo udh kuat semoga bisa lumayan juga BBCAnya dan ikut RUPS juga hahaha ğŸ‘ğŸ‘ğŸ‘"
2021-06-30 11:43:55+00:00,"Aduh dipanggil buat RUPS nih sama BBRI, padahal baru kelar kmaren sama UNVR wkwkwkwk ğŸ˜‚ğŸ˜‚ğŸ˜‚ megang cuma berapa udh berasa kek yg punya perusahaan dah HAHAHA ğŸ‘ğŸ‘ğŸ‘ https://t.co/GdypQmRatV"
2021-06-24 14:53:29+00:00,"Prinsip baru yg sedang menggebu"" dikalau BBRI turun sesuai incaran tlkm naik diatas harga incaran, serok BBRI, bgitu juga sebalik eğŸ¤­semoga tercapai aamiin"
2021-06-24 09:36:24+00:00,"Masih kesel
Ketika mau beli multipolar dan ada suara yg menghentikan
Tau gak kadang pengetahuan akan kalah sama yg punya insting
I proofed it!!!
Now you followed me to buy and collect on smartfren and bbri
I started to hate you
ğŸ˜…ğŸ˜…ğŸ˜…"
2021-06-23 06:18:34+00:00,"Fren kece deh
Bbri pleaselah
ğŸ¤£ğŸ¤£ğŸ¤£ğŸ¤£"
2021-06-22 10:11:58+00:00,G13 muncul pas BBRI mulai ijo. Niat mau nyerok lagi jadi ragu ğŸ™„
2021-06-20 13:44:23+00:00,"Lagi ujian mandiri, padahal ujian BBRI yang kembang kempis di otak gua"
2021-06-18 09:42:04+00:00,"Smartfren ğŸ¥‡ğŸ…
BBRI, ANTM â¬‡ï¸"
2021-06-16 11:19:21+00:00,"Hari ini terpaksa cabut dari BBRI. Wait and see, sambil pelan pelan masuk di ARTO"
2021-06-15 12:56:44+00:00,"BBRI turun hari ini
But
Sebelum terhempas
Jual dong 
Lumayanlah
â˜”â˜”â˜”"
2021-06-14 04:25:59+00:00,"Pelipur lara
BBRI
ğŸ˜…"
2021-06-10 16:52:11+00:00,@broalters Aku beli BBRI nyangkut 2% wkwkwk
2021-06-09 08:30:15+00:00,BBNI ro BBRI i taek cen
2021-06-08 13:41:01+00:00,"Apaan sih jingkrak2
Yg bener2 cuan cuma bbri or emang saham2 yg keren2 (itu juga nyungsep abis lebaran) 
Stelah sekian minggu
Yg lain cuan apaan, wong masih dibawah
Kadang2 boong aja nih upload fotonya ini itu cuan
Boong loh
ğŸ¤¥ğŸ¤¥ğŸ¤¥ğŸ¤¥ğŸ¤¥ğŸ‘€ğŸ¤¢"
2021-06-01 03:00:36+00:00,"Analisa goblok saham BBRI d tanggal 15 jan, beli d area merah, area profit d area hijau. Pertanyaannya jan smpai mei bisakah kau menunggu selama itu? Klo saham sebagai tmpt cari makan poso ne koyo ulo (nama akun analis, tanggal analis sdh ada) https://t.co/8gpW5WeLlO"
2021-05-31 16:03:44+00:00,@artidjo Wah Keburu buat beli BBRI 20 lot nih kayanya hahaha
2021-05-31 05:27:44+00:00,@kuahcotoenak Siapp sudah koleksi sih bbri beberapa lot tapi belum berani masuk ngeliat ihsg minggu lalu dibanting pas closingnya haha
2021-05-28 08:46:50+00:00,"@teguhidx BBRI, 3750
IPCC, 450
ASII, 5000"
2021-05-28 07:29:42+00:00,"2 hari ini jd mood swing karna BBRI, makasih loh"
2021-05-27 16:32:39+00:00,@TradingDiary2 Bbni bbri bgstttt
2021-05-27 12:52:58+00:00,Wkwkwk $BBRI dan $BBCA abis naik lalu terhempas. LQ45 udah kayak saham gorengan. https://t.co/kVAf1R0pBZ
2021-05-26 01:36:05+00:00,"BBRI klo bs tembus 4140, go fly ğŸ‘ğŸ¼"
2021-05-24 07:40:41+00:00,Bbri kuu ğŸ˜˜ğŸ˜˜
2021-05-21 01:11:01+00:00,"Yg main saham boleh silahkan entry $BBRI. Insyaallah terbang hari ini. 
Disclaimer on ya. https://t.co/x98ykXzlfT"
2021-05-20 14:58:44+00:00,"Yawla cepet tgl 25, aku mau beli BBRI."
2021-05-20 13:08:20+00:00,"tiap investor memang punya msing2 plan,
Utk jangka panjang (kemungkinan 10 tahun) saya percayakan BBRI dan Shiba inu.., 
So far beli doge coin memang karena FOMO, target &gt; 1usd Cuttloss,"
2021-05-19 23:46:17+00:00,@tawakkaI BBRI tuh apa a
2021-05-18 11:11:16+00:00,"@soyabeencake Jangan $BUMI, mending $BBRI aja"
2021-05-18 10:58:54+00:00,Akhirnya ada secerca harapan dalam warna IHSG hari ini wkwk tp ttp aja BBCA blm kebeli hari ini bolehlah BBRI dulu yg lebih terjangkau dan merakyat wkwkwk ğŸ‘
2021-05-17 08:14:42+00:00,"@hhaekalf_ Gw niat invest om. Berarti mending ditahan ya. Nah misal ada duit sisa mau kita invest, mending ke saham td atau ke saham lain.
Misal lah saham tsb bbri. Gmn omğŸ˜"
2021-05-17 07:58:28+00:00,"Bismillaah, BBRI! Yok berkembang yok.. rutin yok.. semangatt"
2021-05-17 06:32:15+00:00,"$BBRI nyentuh support, harus ngapain"
2021-05-17 06:22:08+00:00,3 lot BBRI tiap bulan jadi warisanku untuk anak ku nanti ğŸ¥ºğŸ¥º
2021-05-06 13:19:59+00:00,"bbri akhirnya ijo juga, gatau klo bsk tunggu ajağŸ¤£"
2021-05-05 06:53:53+00:00,Nyesel ga nyerok BBRI kemaren ~
2021-04-30 16:40:01+00:00,Serok bbri yukk
2021-04-30 12:00:15+00:00,Alhamdulillah THR dividen dari BBRI â¤ï¸
2021-04-30 05:02:47+00:00,"Kirain kemaren cuma dari BBRI, ternyata pas cek email lagi ehhh SIDO berbagi cuan jugaaa ğŸ˜ğŸ¤‘ğŸ˜ğŸ¤‘

Alhamdulillah yaa, biarpun ga ikut dapet THR lebaran tapi dapet THR receh dari saham https://t.co/Ajk3cjAzyK"
2021-04-30 04:34:40+00:00,"@Saham_fess saham-saham dengan high market cap, kayak bbri, bbca, pergerakannya akan ngaruh ke ihsg. since ihsg adalah indeks gabungan dari harga saham yang ada di bursa."
2021-04-29 07:29:56+00:00,"BBRI bagi bagi deviden gaes,"
2021-04-29 07:20:35+00:00,@BigAlphaID Barusan dpt dr BBRI dan SIDO ğŸ’°
2021-04-19 08:02:06+00:00,BBRI oh BBRI ğŸ™ƒ
2021-04-19 01:33:13+00:00,"Oh ya untuk saham, sueca masih tetap nabung di BBRI, belum nambah emiten yg lain, soalnya penghasilan blum ada kenaikan signifikan ğŸ˜…. Crypto ini hanya kantong â€œuang bekerjaâ€ yg lain, dan masih blum fix masadepan crypto kedepan, jadi masih #pastiuanghilang"
2021-04-16 07:47:20+00:00,"Pagi TP BBRI, siang hari lumayan TP tek-tokan FILM, 5 menit terakhir masuk di BBRI lagi. Wkwkwk
Jumat barokah"
2021-04-15 10:13:17+00:00,Bbri mantap bat dah closingnya ğŸ˜­ğŸ˜­ https://t.co/UnoY0zB8x6
2021-04-14 09:23:08+00:00,BBRI jg yuk bs yuk
2021-04-14 05:33:02+00:00,Carry me BBRI dan ERAA ğŸ˜˜
2021-04-12 13:14:56+00:00,"@FianHyde Nah iya, aku jg kebetulan start nya dr yg bank2 yg bakal ngasi dividen dlm waktu dkt. Hahaha. BBRI uda â˜ºï¸ TLKM uda lirik sih.. ntar dicek2~"
2021-04-12 09:37:54+00:00,"Amunisi abis euy, tau gitu kemarin pas udah cuan langsung TP aja dan swing trading deh hari ini. Believe BBRI 4,600++ https://t.co/MRufz5qkxk"
2021-04-06 04:06:23+00:00,"Dmmx sell, bbri buy. 
Wes ngene bae terus muter duit"
2021-04-05 13:43:54+00:00,Masuk bbri di 3800 kali ya...
2021-04-05 06:55:44+00:00,Bbri cumdate tapi kok malah merah hmmm #ihsgterserahhh
2021-04-04 13:14:29+00:00,BBRIğŸ”¥ https://t.co/kWJGlFT9lr
2021-04-04 11:53:45+00:00,@DhanaYoesril Jadi ke BBRI atau BMRI ini masnya?
2021-04-01 02:34:15+00:00,@TradingDiary2 Apa karena BBRI pak? Udah 3 hari ama ini dibuang terusss ğŸ˜‚ https://t.co/tTg3VVaMMM
2021-03-31 13:27:14+00:00,"@jesswjk @juliani__windi Total kelolaan sahamnya tahun 2020 aja 82 T (17% dari 486 T).

Kalo liat laporan tahun 2018 aja BBRI minimal 4T."
2021-03-26 05:55:13+00:00,"Antm rebound sih, syg uda cut loss dari kmrin waktu di support, tp kalo ga dijual kmrin bisa ga dpt harga BBRI di harga bawah, yauda syukuri aja, emang kurang cocok sculping, mending long term invest aja dah.. target dlm waktu deket smoga bs 100 lot"
2021-03-25 14:19:23+00:00,@ameliarianaa 2% BBRI? ğŸ˜…
2021-03-25 07:41:39+00:00,"Sengaja nelat dateng RUPS BBRI, ternyata strict telat gabisa masuk. 

Batal perdana gegara niat buruk"
2021-03-22 12:39:29+00:00,Dua jutaeun aja nyoba beli bbri semoga dapet di harga rendah https://t.co/PRXWBLcvL6
2021-03-21 16:10:00+00:00,"Been browsing on TikTok on tips in investment and I donâ€™t think stock is my thing. But if I want to have stocks for the sake of having them, BBRI will be it."
2021-03-21 10:30:51+00:00,Punya beginian pengen dituker jadi duit ato cuan yg merah 18lembar barangkali ada yg mau kondisi masih BNIB BNWT BBRI BBCA BNN alias masih segel size 42/8uk #tobacco https://t.co/56VJNvwmkB
2021-03-18 07:42:23+00:00,Nyesel tadi pagi beli bbri cuma 1 lot  ğŸƒ
2021-03-15 16:59:51+00:00,bbri opening 1% selasa 16 maret 2021
2021-03-14 22:49:41+00:00,"Yuuk yg mau e-book gratis ttg big bank Conve vs Digital... ğŸ‘ğŸ‘ğŸ‘ .  https://t.co/SysUNF7OzB 

#perbankan #digitalbanking #ebookgratis #BMRI #BBTN #ihsg #BBRI #saham  #tradingsaham #BBKP #BBCA #AGRO #ARTO #saham #analisasaham"
2021-03-14 03:50:24+00:00,"@azirizky @fajaramadans @FuadKamalID @KuntoAjiW Coba ah ngetes,
Halo BCA 
Halo BRI
Halo BNI
Halo BNN
Halo Bini
Halo BBKP nyangkut
Halo BBRI hehe"
2021-03-12 13:30:21+00:00,"Ada kecenderungan jika vaksinasi berjalan lancar serta jam kerja sdh bs dimaksimalkan lg, bank2 BUMN bukan ga mungkin akan melakukan revisi naik terhadap target tahunan yg sudah ditetapkan di awal tahun ini.

#bbni #bbri #bbtn"
2021-03-09 04:01:38+00:00,"Unilever tarik 8 th ke belakang jalan nya sideway, no good for long term investment, so faar yg paling the best buat long term BBCA dan BBRI.. https://t.co/9ktpioKig7"
2021-03-04 15:54:51+00:00,"@privaicy Wkwkwk bbri udh sangat bagus sih, saham bikin hati tentram, naik alhamdulillah, kalo turun juga alhamdulillah, dapet harga diskon"
2021-03-03 04:40:01+00:00,Hong Kong's FWD completes acquistion of a minority stake in Bank Rakyat Indonesia's (IDX: $BBRI) life insurane arm BRI Life.
2021-03-02 00:12:19+00:00,"@rgoestama Berarti gagal ya mas yg diajuin oleh kemenkeu dan kemen bumn ke dpr awal februari itu?

Waktu itu beritanya merger dengan 99% pnm dan pegadaian dibeli oleh bbri."
2021-03-01 13:30:32+00:00,$BBNI $BMRI $BBRI ?
2021-03-01 11:07:53+00:00,"Bbri baru kali ini ku merasakan yg bener bener bener diatas, aduh untung masih ada lot, tinggal bbni nih, yok balik ke atas buruan uda pengen seneng hijo2 https://t.co/j5JOUjuRuN"
2021-03-01 02:39:39+00:00,$ASII $BBRI ğŸ“ˆ
2021-02-24 15:40:23+00:00,@doktermarket Turun asiiikkk Haka dong.. ğŸ˜‚ğŸ˜‚ğŸ˜‚ in BBRI we trust
2021-02-24 11:49:36+00:00,"@hrdbacot @XXIXELV *Beli 1 lot saham BBRI di pucuk*

This guy : Apa bisa kita mecat karyawan bank BRI? Kan itu perusahaan kita sendiri"
2021-02-22 13:36:33+00:00,Alkisah dulu seorang istri disarankan iseng aja taro 10 jt di #BBRI tapi akhirnya cuma beli 1 lot cuma buat ngerasain pasar modal.per hari ini gain 70% ... https://t.co/jpNduAWHHU
2021-02-18 00:58:56+00:00,"@yusrinasofia Kombinasi sih

1. Pemain ritel baru trauma terus hijrah ke kripto - kejadian di orang2 sekitarku soalnya - padahal mereka belum ngerti aja kripto lebih afgan :(
2. Investor yg beneran investor masih kzl BBRI aja bisa diseret dari 4.700 ke 3.990 dalam 2 hari meskipun balik :(("
2021-02-17 16:21:59+00:00,"Rabu 17 Feb 2021
Sell done !!
BBRI BBTN BJBR BRIS
IRRA KAEF HRUM
Lumayanlah
Trio INCO ANTM TINS longsor
Besok kamis buy bertahap
Infra ADHI PTPP WIKA WSKT
Juga longsor, besok buy bertahap"
2021-02-17 13:16:43+00:00,"@kelincibogor @urekanz Mending langsung pada pasang di ANTM apa BBRI ya hen, influencer saham ngga masuk desa mungkin yg masuk malah lising mobil"
2021-02-16 16:58:23+00:00,"Selasa16Feb2021
Besok rencana sell with profit 3-10%
BBKP BBNI BBRI BBTN BJBR BRIS
IRRA KAEF TBLA TINS TPIA"
2021-02-16 10:23:34+00:00,Hahahah suka bner. Pas BBRI di 2100 kenapa gak full power belinya skrg nyesel. Wkwkwk https://t.co/EIr3ujw0pl
2021-02-16 03:20:16+00:00,"Senen 15Feb2021
Harga komoditi terus naik
Inco antm tins masih collect buy bertahap
Jpfa sido tbla juga mulai buy bertahap
Banking masih hold
Bbri bbtn bmri bris bbni"
2021-02-13 09:14:35+00:00,"@anggasasongko @Martjelou BPJSTK

BBRI
TLKM
BBTN
ANTM
BMRI
BBNI
BBTN
SMGR
PGAS
PTBA
ANTM
TINS
WIKA
PTPP
WSKT
JSMR
KRAS
GIAA"
2021-02-12 08:21:20+00:00,"@blaztjack @mediocrickey Secara pengelolaan aset, udah bener itu. Penempatan di tempat berisiko tinggi cuman 24%an, sisanya di instrumen aman.

Sempet liat penempatan sahamnya juga di BUMN semua. Memang ada saham BUMN macam KRAS sama GIIA, tapi pebempatan banyak juga di BBRI atau TLKM."
2021-02-11 09:30:34+00:00,"@TradingDiary2 Pak, mau masuk ke BBRI di angka brp ya?"
2021-02-10 10:08:19+00:00,"@BigAlphaID 30% di BBCA longterm
20% di BBRI longterm
10% di UNVR longterm
( Longterm diatas 1 tahun dan pasang target harga utk ambil untung.. 30,50, 60% kah? )
20% buat daily trading
5% buat cash
15% buka JNE, Si Cepat atau ekspedisi aja

Bagi-bagi biar likuiditas kejaga ğŸ˜ğŸ˜"
2021-02-09 07:22:31+00:00,BBRI naik ğŸ˜ https://t.co/lWBZYLaWZU
2021-02-09 03:10:14+00:00,"BBRI mantep njirrrr, gr2 issue holding ultra micro kali yaa, beli di 4100 sekarang uda ampir nyentuh 4700 , mantapp njir cuan nya ğŸ¤©, sudah jelas LONG TERM INVEST..."
2021-02-09 02:21:37+00:00,Yg jual 2000 lot BBRI saat ini saya cuma bisa geleng2 hampir 1 M wkwk https://t.co/EhDDnLp0O3
2021-02-08 15:21:17+00:00,"No matter how small you start, always dream BIG
Senin 8Feb2021
ANTM 2830 Target 3000
INCO 6150 Target 7000
TINS 2120 Target ?

Mulai koleksi 
SIDO 785
TBLA 965
BBRI BMRI BBNI BBTN BRIS BJBR BJTM masuk bertahap...."
2021-02-08 13:47:26+00:00,"hal terbodoh yang aku lakukan hari ini, kenapa BBRI aku jual??? ğŸ˜©"
2021-02-07 03:03:22+00:00,"Tabungan Saham 
Jumat 5Feb2021
BBRI 4470
BMRI 6550
BBNI 6300
BBTN 1790
BRIS 2710
Always Buy bertahap
Dikit2 kelak menjadi bukit"
2021-02-06 10:21:05+00:00,@werryhikmatiar $BBRI
2021-02-01 11:44:25+00:00,@Ikmal76409028 Gorengan yg sy maksud dilihat jg dr bibit bebet bobot emitennya. Kalo AGRO msh dlm circle BUMN dan dibackup BBRI gak akan dibiarin kolaps.
2021-02-01 06:07:10+00:00,Kecualii BBRI sih masih ijo cumaa yaa terus turun inii :(
2021-01-29 08:41:29+00:00,@ansxbella ga beda jauh sama bbri
2021-01-29 07:06:17+00:00,Bbri aja sampai mau arb ğŸ˜£ https://t.co/60rHcQY5Cu
2021-01-29 06:56:23+00:00,@muhariefnp Sampe BBRI yang beberapo hari yg lalu masih sustain jadi ambrol ğŸ˜­
2021-01-27 04:24:52+00:00,@SutriaNSyati abis CL aku barusan bukk haha. sisanya merah. semoga rebound cepet tapiii. ga ngerti banget even BBCA dan BBRI volatile bangettt
2021-01-27 03:56:34+00:00,"@minshadowfilter Jangan beli jangan beli ingat BBCA, BBRI"
2021-01-25 06:03:19+00:00,"mau kado apa  ? 
me : nggak mau apa apa, 
3 second later...
also me : beliin emiten BBRI aja ğŸ¤£ 

*dapet kebun binatang nih siang siang gini*"
2021-01-24 12:13:12+00:00,"@HateOctober_ @dedisayaini @Ratmankorompot @indahfe_ Rugi leh apa bbri syariah jangka panjang, susah untuk trader"
2021-01-22 10:32:56+00:00,@JogjaUpdate Wes munggah mudun koyo regone saham bbri
2021-01-21 01:32:08+00:00,Watch $BBRI $BRIS $INKP $MDKA $NIKL $ANTM $TINS
2021-01-20 23:54:51+00:00,kombinasi yg bagus hari ini dgn rupslb bbri ğŸ˜ https://t.co/kIcW4k9bNX
2021-01-20 09:28:03+00:00,$bbri break ALT+resist
2021-01-20 06:29:28+00:00,"@AndriSurip @herrput Hahaha, bolehlah buat nambahin bbri sama bmri"
2021-01-19 08:37:07+00:00,"@bymakss Untuk kaef n lagi nyangkut
Untuk bbri, bris, bbkp, udah take provit..
Aku masuk lagi di bbri planing TP di 30% gain, skrng masih progres 18% gain"
2021-01-17 10:09:11+00:00,"@dondihananto Masuk ke bursa di akhir tahun 2019, dihantam corona loss 50% dari modal karena benar2 hijau di saham, CL UNTR &amp; BBRI di loss yg lumayan, eh sekarang harganya melebihi avg buy yg dulu, jadi pelajaran berharga"
2021-01-17 06:22:04+00:00,BBRI pa kabar merona
2021-01-15 13:21:40+00:00,Aku 1000 lot BBRI jg gapapa koooh ga usah BBCA https://t.co/XOUcz53uju
2021-01-14 23:22:15+00:00,@kaesangp Asik BBRI BRIS ğŸš€ğŸš€
2021-01-14 17:05:12+00:00,"@yogi_adisyah @kaesangp Wajar ya, cash flow negatif. ğŸ˜‡
Berarti cash flow yg positif (banyak duit), seperti : BBCA, BRIS, BBRI, BBNI, BMRI..., ga wajar ya ?  â˜º"
2021-01-14 14:16:02+00:00,@kaesangp Tolong ini meresahkan banget. Pengen HAKA di BRIS takut suspend atau Nyangkut. Apakah ke BBRI aja kahhhhhh?
2021-01-14 05:34:55+00:00,Oke mencoba saham pertama dengan bbri wkwk tp ga naik2 asem ogğŸ™ƒ
2021-01-14 01:24:55+00:00,Otw salip $BBRI https://t.co/Tuwuv4M7hT
2021-01-13 13:35:07+00:00,"Awalnya saya mikir begini krn banyak banget perdebatan yg bilang harga BRIS sudah kemahalan, udah terlalu tinggi, udah mau nyamain harga BBRI, tp bener gak sih kondisinya spt itu? Ayok coba kita analisa pake logika sederhana ya."
2021-01-13 08:40:15+00:00,"Jargonnya ""Bersama umat kita buktikan bisa kalahkan BBRI"" ğŸ˜‚ğŸ˜‚ https://t.co/CBvErhRWF0"
2021-01-13 07:02:54+00:00,"@Rafifrasyid2801 Pasca merger kemungkinan masuk kategori bank BUKU III dgn modal inti 20T. Masih potensi banget bakal naik ke BUKU IV join sm BBCA, BBNI, BBRI, BMRI kalo bs capai penambahan s.d 30T modal intinya. https://t.co/eWpFMkHcyr"
2021-01-13 05:25:29+00:00,"Jd keliru bgt kalo yg mau lepas BRIS dgn reason harganya udah mendekati BBRI. Kalo mau pake analogi begitu, ya kudu di compare nya sm smua bank yg ada di struktur tsb. Terutama BMRI selaku ultimatr sharehold nya."
2021-01-13 05:22:46+00:00,Sempet banyak yg berspekulasi brp sih target tertinggi saham BRIS. Dan banyak yg berpendapat gak akan melebihi saham BBRI selaku induknya. Btw hati2 jgn sampe kegocek salah ngambil asumsi. Krn komposisi pemilik saham Bank Syariah hasil merger itu udah bkn dominan BBRI lg. https://t.co/jHWEFxx3Ab
2021-01-13 04:41:21+00:00,@remayunanto udh signal exit kah bbri??
2021-01-13 04:12:34+00:00,"@masbayyyu Saya masih ga berubah sih, nunggu keputusan regulator atau minimal statement lanjutan dr BBRI"
2021-01-12 13:02:05+00:00,@mbah_mijan Nyesel dari harga masih 1800an sampai sekarang mau 4000 nyimak terus. Udah maubsetara sodaranya bbri
2021-01-12 11:17:35+00:00,@kelvincen12 Tinggal nunggu bapaknya lg si BBRI ngamuk ğŸ˜‚
2021-01-12 09:29:04+00:00,BBRI bikin gemeterr
2021-01-11 14:02:47+00:00,@samsyir Bbca bbri https://t.co/FlDDp16cyu
2021-01-11 05:28:27+00:00,Eh buset BBRI ğŸ¤‘ğŸ¤‘ğŸ¤‘ğŸ¤‘ğŸ¤‘ https://t.co/VXTMjPKwby
2021-01-11 03:47:39+00:00,BBRI terbaaang ğŸ¤‘ğŸ¤‘ğŸ¤‘
2021-01-11 03:04:50+00:00,mengawali cuti di mgg kedua di 2021 dengan terbangnya $BBRI ğŸš€ğŸš€ğŸš€ makasi kakaa
2021-01-08 07:07:05+00:00,kl mau maen aman ambil BBNI atau BMRI... kalo aku kurang sreg sama BBCA dan BBRI... suka suka orang ajalah
2021-01-08 02:53:55+00:00,"Selama BBCA dan BBRI masih mengalami pertumbuhan. Indonesia akan baik-baik aja 

NB: selama tikusnya gak aneh-aneh ğŸ˜€"
2021-01-07 23:03:27+00:00,"Go BBRI!

BRI (BBRI) Dikabarkan Bakal Rights Issue Rp13,9 Triliun - https://t.co/r1Uy95oKLW https://t.co/xDG1w7fjSS"
2021-01-06 03:18:30+00:00,@rgoestama Wah gajian bulan ini harus beli saham BBRI dan AGRO ğŸ˜
2021-01-06 01:16:49+00:00,"Konsep BBRI AGRO yg ada di kepala saya, mekanismenya mgkn ada dua jenis.

1. AGRO sbg eksekutor dgn peluru berupa penyertaan/tambahan modal dr BBRI

2. AGRO sbg eksekutor dgn sumber peluru dr pinjaman kredit BBRI

Krn even AGRO yg maju, sumber duit modalnya kan pasti ada di BRI."
2021-01-06 01:05:57+00:00,Bisa ini BBRI AGRO masuk watchlist januari @TradingDiary2
2021-01-06 01:03:45+00:00,"Lalu spt yg ud pernah saya bahas juga, apakah lantas saham BBRI bakal kena efek? Bs ya bs jg tidak. Muatan BRI sbg bank bumn terlalu besar kalo seluruhnya diswitch fokus diumkm, kemungkinan anak usahanya yg akan dimajukan utk masuk ke project tsb. Siapa?

Besar kemungkinan AGRO."
